Workbook
Name HSNcode: ProductsTable[HSN Code]

Sheet PIVOTS
A1: Count of Customer Name | C1: Sum of Amount | E1: Sum of Stock Amt | G1: Row Labels | H1: Sum of S Units
A2: 16 | C2: 2757000 | E2: 2136000 | G2: Keyboard | H2: 50
C3: purchase amt | E3: total stock amt | G3: Printer | H3: 20
A4: =GETPIVOTDATA("Customer Name",$A$1) -> 16 | C4: =GETPIVOTDATA("Amount",$C$1) -> 2757000 | E4: =GETPIVOTDATA("Stock Amt",$E$1) -> 2136000 | G4: Tablet | H4: 5
A5: =A4 -> 16 | C5: =C4 -> 2757000 | E5: =E4 -> 2136000 | G5: Smartphone | H5: 5
G6: Mouse | H6: 5
G7: Grand Total | H7: 85
A8: Count of ProductName | C8: Sum of Amount | E8: P/L
A9: 15 | C9: 668000 | E9: =E5+C12-C5 -> 47000
C10: sale amt. | E10: =E9 -> 47000 | G10: Row Labels | H10: Sum of Amount
A11: =GETPIVOTDATA("ProductName",$A$8) -> 15 | C11: =GETPIVOTDATA("Amount",$C$8) -> 668000 | G11: Nu Tech | H11: 198000
A12: =A11 -> 15 | C12: =C11 -> 668000 | G12: Gamma Inc | H12: 130000
G13: Zeta Pvt | H13: 125000
G14: Beta Ltd | H14: 95000
G15: Iota Solutions | H15: 92000
G16: Grand Total | H16: 640000
A20: Row Labels | B20: Sum of Remaining Stock Unit
A21: Headphones
A22: Keyboard | B22: 50
A23: Laptop | B23: 23
A24: Monitor | B24: 10
A25: Mouse | B25: 5
A26: Printer | B26: 10
A27: Router
A28: Scanner
A29: Smartphone | B29: 25
A30: Tablet | B30: 5
A31: Webcam
A32: Grand Total | B32: 128

Sheet Dashboard
T17: {=_xlfn._xlws.FILTER(Inventory!K10:K16,Inventory!K10:K16<>"")}
T18: 📞 Mouse Needs to re-order ! PH 342535XXXX
T22: 📞 Tablet Needs to re-order ! PH 85684XXXXX

Sheet Customers
D7: CustomerID | E7: Customer Name | F7: Email | G7: Address
D8: CUST001 | E8: Alpha Corp | F8: alphacorporationgmail.com | G8: Delhi India
D9: CUST002 | E9: Beta Ltd | F9: betaltdcorporationgmail.com | G9: Palwal , Mumbai
D10: CUST003 | E10: Gamma Inc | F10: gammaincorporationgmail.com | G10: Gandhidham gujarat
D11: CUST004 | E11: Delta Co | F11: deltacorporationgmail.com | G11: agra , UP
D12: CUST005 | E12: Epsilon LLC | F12: epsilonllcorporationgmail.com | G12: Gurgaon
D13: CUST006 | E13: Zeta Pvt | F13: zetapvtcorporationgmail.com | G13: Janpath marg , New delhi
D14: CUST007 | E14: Eta Traders | F14: etatraderscorporationgmail.com | G14: Patel Nagar , Delhi
D15: CUST008 | E15: Theta Tech | F15: thetatechcorporationgmail.com | G15: ORN , New delhi
D16: CUST009 | E16: Iota Solutions | F16: iotasolutionscorporationgmail.com | G16: Kullu , H.P.
D17: CUST010 | E17: Kappa Co | F17: kappacocorporationgmail.com | G17: Shimla, H.P.
D18: CUST011 | E18: Lambda Ltd | F18: lambdaltdcorporationgmail.com | G18: Manali , H.P.
... D22: CUST015 | E22: Omicron Org | F22: omicronorgcorporationgmail.com | G22: Kangra , H.P.
D23: cust0156 | E23: hcl technologies

Sheet Products
D8: HSN Code | E8: ProductName | F8: UnitPrice | G8: Selling Price
D9: H001 | E9: Laptop | F9: 45000 | G9: =ProductsTable[[#This Row],[UnitPrice]]+1000 -> 46000
D10: H002 | E10: Mouse | F10: 200 | G10: =ProductsTable[[#This Row],[UnitPrice]]+1000 -> 1200
D11: H003 | E11: Keyboard | F11: 1500 | G11: =ProductsTable[[#This Row],[UnitPrice]]+1000 -> 2500
D12: H004 | E12: Monitor | F12: 21000 | G12: =ProductsTable[[#This Row],[UnitPrice]]+1000 -> 22000
D13: H005 | E13: Smartphone | F13: 25000 | G13: =ProductsTable[[#This Row],[UnitPrice]]+1000 -> 26000
D14: H006 | E14: Tablet | F14: 18000 | G14: =ProductsTable[[#This Row],[UnitPrice]]+1000 -> 19000
D15: H007 | E15: Printer | F15: 10000 | G15: =ProductsTable[[#This Row],[UnitPrice]]+1000 -> 11000
D16: H008 | E16: Scanner | F16: 4000 | G16: =ProductsTable[[#This Row],[UnitPrice]]+1000 -> 5000
D17: H009 | E17: Router | F17: 2000 | G17: =ProductsTable[[#This Row],[UnitPrice]]+1000 -> 3000
D18: H010 | E18: Webcam | F18: 1500 | G18: =ProductsTable[[#This Row],[UnitPrice]]+1000 -> 2500
D19: H011 | E19: Headphones | F19: 3000 | G19: =ProductsTable[[#This Row],[UnitPrice]]+1000 -> 4000
D20: H012 | E20: Speaker | F20: 1000 | G20: =ProductsTable[[#This Row],[UnitPrice]]+1000 -> 2000
... D23: H015 | E23: USB Drive | F23: 500 | G23: =ProductsTable[[#This Row],[UnitPrice]]+1000 -> 1500

Sheet Vendors
D8: HSN Code | E8: Product Name | F8: Vendor Name | G8: Phone | H8: Address
D9: H001 | E9: Laptop | F9: Global Supplies | G9: 85684XXXXX | H9: Chandigarh
D10: H002 | E10: Mouse | F10: TechSource | G10: 342535XXXX | H10: Delhi
D11: H003 | E11: Keyboard | F11: MegaTrade | G11: 234234XXXX | H11: Gujarat
D12: H004 | E12: Monitor | F12: QuickBuy | G12: 876876XXXX | H12: Assam
D13: H005 | E13: Smartphone | F13: MegaTrade | G13: 234234XXXX | H13: Gujarat
D14: H006 | E14: Tablet | F14: Global Supplies | G14: 85684XXXXX | H14: Chandigarh
D15: H007 | E15: Printer | F15: QuickBuy | G15: 876876XXXX | H15: Assam
D16: H008 | E16: Scanner | F16: TechSource | G16: 342535XXXX | H16: Delhi
D17: H009 | E17: Router | F17: Global Supplies | G17: 85684XXXXX | H17: Chandigarh
D18: H010 | E18: Webcam | F18: QuickBuy | G18: 876876XXXX | H18: Assam
D19: H011 | E19: Headphones | F19: TechSource | G19: 342535XXXX | H19: Delhi
... D23: H015 | E23: USB Drive | F23: TechSource | G23: 342535XXXX | H23: Delhi

Sheet NEW ENTRY
F10: Purchase Entry
F14: Sale Entry

Sheet Purchase
D9: HSN Code | E9: Product Name | F9: Vendor | G9: Date | H9: Units | I9: Cost | J9: Amount
D10: H006 | E10: =IFERROR(VLOOKUP(purchasedata[[#This Row],[HSN Code ]],ProductsTable[],2,0)," ") -> Tablet | F10: =IFERROR(VLOOKUP(purchasedata[[#This Row],[HSN Code ]],vendor_data[],3,0)," ") -> Global Supplies | H10: 10 | I10: =IFERROR(VLOOKUP(purchasedata[[#This Row],[HSN Code ]],ProductsTable[],3,0)," ") -> 18000 | J10: =IFERROR(purchasedata[[#This Row],[Units]]*purchasedata[[#This Row],[Cost]], "") -> 180000
D11: H008 | E11: =IFERROR(VLOOKUP(purchasedata[[#This Row],[HSN Code ]],ProductsTable[],2,0)," ") -> Scanner | F11: =IFERROR(VLOOKUP(purchasedata[[#This Row],[HSN Code ]],vendor_data[],3,0)," ") -> TechSource | H11: 10 | I11: =IFERROR(VLOOKUP(purchasedata[[#This Row],[HSN Code ]],ProductsTable[],3,0)," ") -> 4000 | J11: =IFERROR(purchasedata[[#This Row],[Units]]*purchasedata[[#This Row],[Cost]], "") -> 40000
D12: H001 | E12: =IFERROR(VLOOKUP(purchasedata[[#This Row],[HSN Code ]],ProductsTable[],2,0)," ") -> Laptop | F12: =IFERROR(VLOOKUP(purchasedata[[#This Row],[HSN Code ]],vendor_data[],3,0)," ") -> Global Supplies | H12: 20 | I12: =IFERROR(VLOOKUP(purchasedata[[#This Row],[HSN Code ]],ProductsTable[],3,0)," ") -> 45000 | J12: =IFERROR(purchasedata[[#This Row],[Units]]*purchasedata[[#This Row],[Cost]], "") -> 900000
D13: H004 | E13: =IFERROR(VLOOKUP(purchasedata[[#This Row],[HSN Code ]],ProductsTable[],2,0)," ") -> Monitor | F13: =IFERROR(VLOOKUP(purchasedata[[#This Row],[HSN Code ]],vendor_data[],3,0)," ") -> QuickBuy | H13: 10 | I13: =IFERROR(VLOOKUP(purchasedata[[#This Row],[HSN Code ]],ProductsTable[],3,0)," ") -> 21000 | J13: =IFERROR(purchasedata[[#This Row],[Units]]*purchasedata[[#This Row],[Cost]], "") -> 210000
D14: H002 | E14: =IFERROR(VLOOKUP(purchasedata[[#This Row],[HSN Code ]],ProductsTable[],2,0)," ") -> Mouse | F14: =IFERROR(VLOOKUP(purchasedata[[#This Row],[HSN Code ]],vendor_data[],3,0)," ") -> TechSource | H14: 10 | I14: =IFERROR(VLOOKUP(purchasedata[[#This Row],[HSN Code ]],ProductsTable[],3,0)," ") -> 200 | J14: =IFERROR(purchasedata[[#This Row],[Units]]*purchasedata[[#This Row],[Cost]], "") -> 2000
D15: H001 | E15: =IFERROR(VLOOKUP(purchasedata[[#This Row],[HSN Code ]],ProductsTable[],2,0)," ") -> Laptop | F15: =IFERROR(VLOOKUP(purchasedata[[#This Row],[HSN Code ]],vendor_data[],3,0)," ") -> Global Supplies | H15: 5 | I15: =IFERROR(VLOOKUP(purchasedata[[#This Row],[HSN Code ]],ProductsTable[],3,0)," ") -> 45000 | J15: =IFERROR(purchasedata[[#This Row],[Units]]*purchasedata[[#This Row],[Cost]], "") -> 225000
D16: H003 | E16: =IFERROR(VLOOKUP(purchasedata[[#This Row],[HSN Code ]],ProductsTable[],2,0)," ") -> Keyboard | F16: =IFERROR(VLOOKUP(purchasedata[[#This Row],[HSN Code ]],vendor_data[],3,0)," ") -> MegaTrade | H16: 100 | I16: =IFERROR(VLOOKUP(purchasedata[[#This Row],[HSN Code ]],ProductsTable[],3,0)," ") -> 1500 | J16: =IFERROR(purchasedata[[#This Row],[Units]]*purchasedata[[#This Row],[Cost]], "") -> 150000
D17: H007 | E17: =IFERROR(VLOOKUP(purchasedata[[#This Row],[HSN Code ]],ProductsTable[],2,0)," ") -> Printer | F17: =IFERROR(VLOOKUP(purchasedata[[#This Row],[HSN Code ]],vendor_data[],3,0)," ") -> QuickBuy | H17: 30 | I17: =IFERROR(VLOOKUP(purchasedata[[#This Row],[HSN Code ]],ProductsTable[],3,0)," ") -> 10000 | J17: =IFERROR(purchasedata[[#This Row],[Units]]*purchasedata[[#This Row],[Cost]], "") -> 300000
D18: H005 | E18: =IFERROR(VLOOKUP(purchasedata[[#This Row],[HSN Code ]],ProductsTable[],2,0)," ") -> Smartphone | F18: =IFERROR(VLOOKUP(purchasedata[[#This Row],[HSN Code ]],vendor_data[],3,0)," ") -> MegaTrade | H18: 30 | I18: =IFERROR(VLOOKUP(purchasedata[[#This Row],[HSN Code ]],ProductsTable[],3,0)," ") -> 25000 | J18: =IFERROR(purchasedata[[#This Row],[Units]]*purchasedata[[#This Row],[Cost]], "") -> 750000
E19: =IFERROR(VLOOKUP(purchasedata[[#This Row],[HSN Code ]],ProductsTable[],2,0)," ") | F19: =IFERROR(VLOOKUP(purchasedata[[#This Row],[HSN Code ]],vendor_data[],3,0)," ") | I19: =IFERROR(VLOOKUP(purchasedata[[#This Row],[HSN Code ]],ProductsTable[],3,0)," ") | J19: =IFERROR(purchasedata[[#This Row],[Units]]*purchasedata[[#This Row],[Cost]], "")
E20: =IFERROR(VLOOKUP(purchasedata[[#This Row],[HSN Code ]],ProductsTable[],2,0)," ") | F20: =IFERROR(VLOOKUP(purchasedata[[#This Row],[HSN Code ]],vendor_data[],3,0)," ") | I20: =IFERROR(VLOOKUP(purchasedata[[#This Row],[HSN Code ]],ProductsTable[],3,0)," ") | J20: =IFERROR(purchasedata[[#This Row],[Units]]*purchasedata[[#This Row],[Cost]], "")
E21: =IFERROR(VLOOKUP(purchasedata[[#This Row],[HSN Code ]],ProductsTable[],2,0)," ") | F21: =IFERROR(VLOOKUP(purchasedata[[#This Row],[HSN Code ]],vendor_data[],3,0)," ") | I21: =IFERROR(VLOOKUP(purchasedata[[#This Row],[HSN Code ]],ProductsTable[],3,0)," ") | J21: =IFERROR(purchasedata[[#This Row],[Units]]*purchasedata[[#This Row],[Cost]], "")
E22: =IFERROR(VLOOKUP(purchasedata[[#This Row],[HSN Code ]],ProductsTable[],2,0)," ") | F22: =IFERROR(VLOOKUP(purchasedata[[#This Row],[HSN Code ]],vendor_data[],3,0)," ") | I22: =IFERROR(VLOOKUP(purchasedata[[#This Row],[HSN Code ]],ProductsTable[],3,0)," ") | J22: =IFERROR(purchasedata[[#This Row],[Units]]*purchasedata[[#This Row],[Cost]], "")
E23: =IFERROR(VLOOKUP(purchasedata[[#This Row],[HSN Code ]],ProductsTable[],2,0)," ") | F23: =IFERROR(VLOOKUP(purchasedata[[#This Row],[HSN Code ]],vendor_data[],3,0)," ") | I23: =IFERROR(VLOOKUP(purchasedata[[#This Row],[HSN Code ]],ProductsTable[],3,0)," ") | J23: =IFERROR(purchasedata[[#This Row],[Units]]*purchasedata[[#This Row],[Cost]], "")
E24: =IFERROR(VLOOKUP(purchasedata[[#This Row],[HSN Code ]],ProductsTable[],2,0)," ") | F24: =IFERROR(VLOOKUP(purchasedata[[#This Row],[HSN Code ]],vendor_data[],3,0)," ") | I24: =IFERROR(VLOOKUP(purchasedata[[#This Row],[HSN Code ]],ProductsTable[],3,0)," ") | J24: =IFERROR(purchasedata[[#This Row],[Units]]*purchasedata[[#This Row],[Cost]], "")

Sheet Sales
D9: CustomerID | E9: Customer Name | F9: HSN Code | G9: Product Name | H9: Date | I9: Stocks(units) | J9: Units | K9: Price | L9: Amount
D10: CUST002 | E10: =IFERROR(VLOOKUP(Table5[[#This Row],[CustomerID]],Customersdata[],2,0)," ") -> Beta Ltd | F10: H006 | G10: =IFERROR(VLOOKUP(Table5[[#This Row],[HSN Code ]],ProductsTable[],2,0),"") -> Tablet | H10: 45658 | I10: =IFERROR(VLOOKUP(Table5[[#This Row],[HSN Code ]],INVENTORY[],6,0),"NULL ") -> 5 | J10: 5 | K10: =IFERROR(VLOOKUP(Table5[[#This Row],[HSN Code ]],ProductsTable[],4,0)," ") -> 19000 | L10: =IFERROR(Table5[[#This Row],[Price]]*Table5[[#This Row],[Units]]," ") -> 95000
D11: CUST006 | E11: =IFERROR(VLOOKUP(Table5[[#This Row],[CustomerID]],Customersdata[],2,0)," ") -> Zeta Pvt | F11: H003 | G11: =IFERROR(VLOOKUP(Table5[[#This Row],[HSN Code ]],ProductsTable[],2,0),"") -> Keyboard | I11: =IFERROR(VLOOKUP(Table5[[#This Row],[HSN Code ]],INVENTORY[],6,0),"NULL ") -> 50 | J11: 50 | K11: =IFERROR(VLOOKUP(Table5[[#This Row],[HSN Code ]],ProductsTable[],4,0)," ") -> 2500 | L11: =IFERROR(Table5[[#This Row],[Price]]*Table5[[#This Row],[Units]]," ") -> 125000
D12: CUST013 | E12: =IFERROR(VLOOKUP(Table5[[#This Row],[CustomerID]],Customersdata[],2,0)," ") -> Nu Tech | F12: H007 | G12: =IFERROR(VLOOKUP(Table5[[#This Row],[HSN Code ]],ProductsTable[],2,0),"") -> Printer | I12: =IFERROR(VLOOKUP(Table5[[#This Row],[HSN Code ]],INVENTORY[],6,0),"NULL ") -> 10 | J12: 18 | K12: =IFERROR(VLOOKUP(Table5[[#This Row],[HSN Code ]],ProductsTable[],4,0)," ") -> 11000 | L12: =IFERROR(Table5[[#This Row],[Price]]*Table5[[#This Row],[Units]]," ") -> 198000
D13: CUST009 | E13: =IFERROR(VLOOKUP(Table5[[#This Row],[CustomerID]],Customersdata[],2,0)," ") -> Iota Solutions | F13: H001 | G13: =IFERROR(VLOOKUP(Table5[[#This Row],[HSN Code ]],ProductsTable[],2,0),"") -> Laptop | I13: =IFERROR(VLOOKUP(Table5[[#This Row],[HSN Code ]],INVENTORY[],6,0),"NULL ") -> 23 | J13: 2 | K13: =IFERROR(VLOOKUP(Table5[[#This Row],[HSN Code ]],ProductsTable[],4,0)," ") -> 46000 | L13: =IFERROR(Table5[[#This Row],[Price]]*Table5[[#This Row],[Units]]," ") -> 92000
D14: CUST007 | E14: =IFERROR(VLOOKUP(Table5[[#This Row],[CustomerID]],Customersdata[],2,0)," ") -> Eta Traders | F14: H002 | G14: =IFERROR(VLOOKUP(Table5[[#This Row],[HSN Code ]],ProductsTable[],2,0),"") -> Mouse | I14: =IFERROR(VLOOKUP(Table5[[#This Row],[HSN Code ]],INVENTORY[],6,0),"NULL ") -> 5 | J14: 5 | K14: =IFERROR(VLOOKUP(Table5[[#This Row],[HSN Code ]],ProductsTable[],4,0)," ") -> 1200 | L14: =IFERROR(Table5[[#This Row],[Price]]*Table5[[#This Row],[Units]]," ") -> 6000
D15: CUST001 | E15: =IFERROR(VLOOKUP(Table5[[#This Row],[CustomerID]],Customersdata[],2,0)," ") -> Alpha Corp | F15: H007 | G15: =IFERROR(VLOOKUP(Table5[[#This Row],[HSN Code ]],ProductsTable[],2,0),"") -> Printer | I15: =IFERROR(VLOOKUP(Table5[[#This Row],[HSN Code ]],INVENTORY[],6,0),"NULL ") -> 10 | J15: 2 | K15: =IFERROR(VLOOKUP(Table5[[#This Row],[HSN Code ]],ProductsTable[],4,0)," ") -> 11000 | L15: =IFERROR(Table5[[#This Row],[Price]]*Table5[[#This Row],[Units]]," ") -> 22000
D16: CUST003 | E16: =IFERROR(VLOOKUP(Table5[[#This Row],[CustomerID]],Customersdata[],2,0)," ") -> Gamma Inc | F16: H005 | G16: =IFERROR(VLOOKUP(Table5[[#This Row],[HSN Code ]],ProductsTable[],2,0),"") -> Smartphone | I16: =IFERROR(VLOOKUP(Table5[[#This Row],[HSN Code ]],INVENTORY[],6,0),"NULL ") -> 25 | J16: 5 | K16: =IFERROR(VLOOKUP(Table5[[#This Row],[HSN Code ]],ProductsTable[],4,0)," ") -> 26000 | L16: =IFERROR(Table5[[#This Row],[Price]]*Table5[[#This Row],[Units]]," ") -> 130000
K17: =IFERROR(VLOOKUP(Table5[[#This Row],[HSN Code ]],ProductsTable[],4,0)," ") | L17: =IFERROR(Table5[[#This Row],[Price]]*Table5[[#This Row],[Units]]," ")
K18: =IFERROR(VLOOKUP(Table5[[#This Row],[HSN Code ]],ProductsTable[],4,0)," ") | L18: =IFERROR(Table5[[#This Row],[Price]]*Table5[[#This Row],[Units]]," ")
K19: =IFERROR(VLOOKUP(Table5[[#This Row],[HSN Code ]],ProductsTable[],4,0)," ") | L19: =IFERROR(Table5[[#This Row],[Price]]*Table5[[#This Row],[Units]]," ")
K20: =IFERROR(VLOOKUP(Table5[[#This Row],[HSN Code ]],ProductsTable[],4,0)," ") | L20: =IFERROR(Table5[[#This Row],[Price]]*Table5[[#This Row],[Units]]," ")
K21: =IFERROR(VLOOKUP(Table5[[#This Row],[HSN Code ]],ProductsTable[],4,0)," ") | L21: =IFERROR(Table5[[#This Row],[Price]]*Table5[[#This Row],[Units]]," ")
K22: =IFERROR(VLOOKUP(Table5[[#This Row],[HSN Code ]],ProductsTable[],4,0)," ") | L22: =IFERROR(Table5[[#This Row],[Price]]*Table5[[#This Row],[Units]]," ")
K23: =IFERROR(VLOOKUP(Table5[[#This Row],[HSN Code ]],ProductsTable[],4,0)," ") | L23: =IFERROR(Table5[[#This Row],[Price]]*Table5[[#This Row],[Units]]," ")
K24: =IFERROR(VLOOKUP(Table5[[#This Row],[HSN Code ]],ProductsTable[],4,0)," ") | L24: =IFERROR(Table5[[#This Row],[Price]]*Table5[[#This Row],[Units]]," ")
K25: =IFERROR(VLOOKUP(Table5[[#This Row],[HSN Code ]],ProductsTable[],4,0)," ") | L25: =IFERROR(Table5[[#This Row],[Price]]*Table5[[#This Row],[Units]]," ")
K26: =IFERROR(VLOOKUP(Table5[[#This Row],[HSN Code ]],ProductsTable[],4,0)," ") | L26: =IFERROR(Table5[[#This Row],[Price]]*Table5[[#This Row],[Units]]," ")
K27: =IFERROR(VLOOKUP(Table5[[#This Row],[HSN Code ]],ProductsTable[],4,0)," ") | L27: =IFERROR(Table5[[#This Row],[Price]]*Table5[[#This Row],[Units]]," ")
K28: =IFERROR(VLOOKUP(Table5[[#This Row],[HSN Code ]],ProductsTable[],4,0)," ") | L28: =IFERROR(Table5[[#This Row],[Price]]*Table5[[#This Row],[Units]]," ")
... K30: =IFERROR(VLOOKUP(Table5[[#This Row],[HSN Code ]],ProductsTable[],4,0)," ") | L30: =IFERROR(Table5[[#This Row],[Price]]*Table5[[#This Row],[Units]]," ")

Sheet Inventory
J1: 8
D9: HSN Code | E9: Product Name | F9: Cost | G9: P Units | H9: S Units | I9: Remaining Stock Unit | J9: Stock Amt | K9: Notifications
D10: =Products!D9 -> H001 | E10: =Products!E9 -> Laptop | F10: =Products!F9 -> 45000 | G10: =IFERROR(SUMIF(purchasedata[Product Name],INVENTORY[[#This Row],[Product Name]],Purchase!$H$10:$H$26),"") -> 25 | H10: =SUMIF(Sales!$G$10:$G$28,INVENTORY[[#This Row],[Product Name]],Sales!$J$10:$J$31) -> 2 | I10: =INVENTORY[[#This Row],[P Units]]-INVENTORY[[#This Row],[S Units]] -> 23 | J10: =INVENTORY[[#This Row],[Cost]]*INVENTORY[[#This Row],[Remaining Stock Unit]] -> 1035000 | K10: =IF(INVENTORY[[#This Row],[Remaining Stock Unit]]<10,"📞 "&INVENTORY[[#This Row],[Product Name]]&" Needs to re-order ! PH "&VLOOKUP(INVENTORY[[#This Row],[HSN Code]],vendor_data[#All],4,0)," ")
D11: =Products!D10 -> H002 | E11: =Products!E10 -> Mouse | F11: =Products!F10 -> 200 | G11: =IFERROR(SUMIF(purchasedata[Product Name],INVENTORY[[#This Row],[Product Name]],Purchase!$H$10:$H$26),"") -> 10 | H11: =SUMIF(Sales!$G$10:$G$28,INVENTORY[[#This Row],[Product Name]],Sales!$J$10:$J$31) -> 5 | I11: =INVENTORY[[#This Row],[P Units]]-INVENTORY[[#This Row],[S Units]] -> 5 | J11: =INVENTORY[[#This Row],[Cost]]*INVENTORY[[#This Row],[Remaining Stock Unit]] -> 1000 | K11: =IF(INVENTORY[[#This Row],[Remaining Stock Unit]]<10,"📞 "&INVENTORY[[#This Row],[Product Name]]&" Needs to re-order ! PH "&VLOOKUP(INVENTORY[[#This Row],[HSN Code]],vendor_data[#All],4,0)," ") -> 📞 Mouse Needs to re-order ! PH 342535XXXX
D12: =Products!D11 -> H003 | E12: =Products!E11 -> Keyboard | F12: =Products!F11 -> 1500 | G12: =IFERROR(SUMIF(purchasedata[Product Name],INVENTORY[[#This Row],[Product Name]],Purchase!$H$10:$H$26),"") -> 100 | H12: =SUMIF(Sales!$G$10:$G$28,INVENTORY[[#This Row],[Product Name]],Sales!$J$10:$J$31) -> 50 | I12: =INVENTORY[[#This Row],[P Units]]-INVENTORY[[#This Row],[S Units]] -> 50 | J12: =INVENTORY[[#This Row],[Cost]]*INVENTORY[[#This Row],[Remaining Stock Unit]] -> 75000 | K12: =IF(INVENTORY[[#This Row],[Remaining Stock Unit]]<10,"📞 "&INVENTORY[[#This Row],[Product Name]]&" Needs to re-order ! PH "&VLOOKUP(INVENTORY[[#This Row],[HSN Code]],vendor_data[#All],4,0)," ")
D13: =Products!D12 -> H004 | E13: =Products!E12 -> Monitor | F13: =Products!F12 -> 21000 | G13: =IFERROR(SUMIF(purchasedata[Product Name],INVENTORY[[#This Row],[Product Name]],Purchase!$H$10:$H$26),"") -> 10 | H13: =SUMIF(Sales!$G$10:$G$28,INVENTORY[[#This Row],[Product Name]],Sales!$J$10:$J$31) -> 0 | I13: =INVENTORY[[#This Row],[P Units]]-INVENTORY[[#This Row],[S Units]] -> 10 | J13: =INVENTORY[[#This Row],[Cost]]*INVENTORY[[#This Row],[Remaining Stock Unit]] -> 210000 | K13: =IF(INVENTORY[[#This Row],[Remaining Stock Unit]]<10,"📞 "&INVENTORY[[#This Row],[Product Name]]&" Needs to re-order ! PH "&VLOOKUP(INVENTORY[[#This Row],[HSN Code]],vendor_data[#All],4,0)," ")
D14: =Products!D13 -> H005 | E14: =Products!E13 -> Smartphone | F14: =Products!F13 -> 25000 | G14: =IFERROR(SUMIF(purchasedata[Product Name],INVENTORY[[#This Row],[Product Name]],Purchase!$H$10:$H$26),"") -> 30 | H14: =SUMIF(Sales!$G$10:$G$28,INVENTORY[[#This Row],[Product Name]],Sales!$J$10:$J$31) -> 5 | I14: =INVENTORY[[#This Row],[P Units]]-INVENTORY[[#This Row],[S Units]] -> 25 | J14: =INVENTORY[[#This Row],[Cost]]*INVENTORY[[#This Row],[Remaining Stock Unit]] -> 625000 | K14: =IF(INVENTORY[[#This Row],[Remaining Stock Unit]]<10,"📞 "&INVENTORY[[#This Row],[Product Name]]&" Needs to re-order ! PH "&VLOOKUP(INVENTORY[[#This Row],[HSN Code]],vendor_data[#All],4,0)," ")
D15: =Products!D14 -> H006 | E15: =Products!E14 -> Tablet | F15: =Products!F14 -> 18000 | G15: =IFERROR(SUMIF(purchasedata[Product Name],INVENTORY[[#This Row],[Product Name]],Purchase!$H$10:$H$26),"") -> 10 | H15: =SUMIF(Sales!$G$10:$G$28,INVENTORY[[#This Row],[Product Name]],Sales!$J$10:$J$31) -> 5 | I15: =INVENTORY[[#This Row],[P Units]]-INVENTORY[[#This Row],[S Units]] -> 5 | J15: =INVENTORY[[#This Row],[Cost]]*INVENTORY[[#This Row],[Remaining Stock Unit]] -> 90000 | K15: =IF(INVENTORY[[#This Row],[Remaining Stock Unit]]<10,"📞 "&INVENTORY[[#This Row],[Product Name]]&" Needs to re-order ! PH "&VLOOKUP(INVENTORY[[#This Row],[HSN Code]],vendor_data[#All],4,0)," ") -> 📞 Tablet Needs to re-order ! PH 85684XXXXX
D16: =Products!D15 -> H007 | E16: =Products!E15 -> Printer | F16: =Products!F15 -> 10000 | G16: =IFERROR(SUMIF(purchasedata[Product Name],INVENTORY[[#This Row],[Product Name]],Purchase!$H$10:$H$26),"") -> 30 | H16: =SUMIF(Sales!$G$10:$G$28,INVENTORY[[#This Row],[Product Name]],Sales!$J$10:$J$31) -> 20 | I16: =INVENTORY[[#This Row],[P Units]]-INVENTORY[[#This Row],[S Units]] -> 10 | J16: =INVENTORY[[#This Row],[Cost]]*INVENTORY[[#This Row],[Remaining Stock Unit]] -> 100000 | K16: =IF(INVENTORY[[#This Row],[Remaining Stock Unit]]<10,"📞 "&INVENTORY[[#This Row],[Product Name]]&" Needs to re-order ! PH "&VLOOKUP(INVENTORY[[#This Row],[HSN Code]],vendor_data[#All],4,0)," ")
D17: =Products!D16 -> H008 | E17: =Products!E16 -> Scanner | F17: =Products!F16 -> 4000 | K17: =IF(INVENTORY[[#This Row],[Remaining Stock Unit]]<10,"📞 "&INVENTORY[[#Headers],[Product Name]]&" Needs to re-order ! PH "&VLOOKUP(INVENTORY[[#This Row],[HSN Code]],vendor_data[#All],4,0)," ") -> 📞 Product Name Needs to re-order ! PH 342535XXXX
D18: =Products!D17 -> H009 | E18: =Products!E17 -> Router | F18: =Products!F17 -> 2000 | K18: =IF(INVENTORY[[#This Row],[Remaining Stock Unit]]<10,"📞 "&INVENTORY[[#Headers],[Product Name]]&" Needs to re-order ! PH "&VLOOKUP(INVENTORY[[#This Row],[HSN Code]],vendor_data[#All],4,0)," ") -> 📞 Product Name Needs to re-order ! PH 85684XXXXX
D19: =Products!D18 -> H010 | E19: =Products!E18 -> Webcam | F19: =Products!F18 -> 1500 | K19: =IF(INVENTORY[[#This Row],[Remaining Stock Unit]]<10,"📞 "&INVENTORY[[#Headers],[Product Name]]&" Needs to re-order ! PH "&VLOOKUP(INVENTORY[[#This Row],[HSN Code]],vendor_data[#All],4,0)," ") -> 📞 Product Name Needs to re-order ! PH 876876XXXX
D20: =Products!D19 -> H011 | E20: =Products!E19 -> Headphones | F20: =Products!F19 -> 3000 | K20: =IF(INVENTORY[[#This Row],[Remaining Stock Unit]]<10,"📞 "&INVENTORY[[#Headers],[Product Name]]&" Needs to re-order ! PH "&VLOOKUP(INVENTORY[[#This Row],[HSN Code]],vendor_data[#All],4,0)," ") -> 📞 Product Name Needs to re-order ! PH 342535XXXX
